ride_id,rideable_type,started_at,ended_at,start_station_name,start_station_id,end_station_name,end_station_id,start_lat,start_lng,end_lat,end_lng,member_casual,duration
5FCDE3F24956FDC6,classic_bike,"2022-03-07 13:26:24","2022-03-07 14:39:34","Lynn St & 19th St North",31014,"Lynn St & 19th St North",31014,38.897315,-77.070993,38.897315,-77.070993,casual,4390
A5AF4A2ADAFD7E0A,docked_bike,"2022-03-07 13:25:37","2022-03-07 14:40:44","Lynn St & 19th St North",31014,"Lynn St & 19th St North",31014,38.897315,-77.070993,38.897315,-77.070993,casual,4507
CC8AA9F5EE1FBB3A,classic_bike,"2022-03-07 17:15:26","2022-03-07 18:15:33","Lynn St & 19th St North",31014,"Lynn St & 19th St North",31014,38.897315,-77.070993,38.897315,-77.070993,member,3607
6FC4610D4D57970D,classic_bike,"2022-03-08 16:38:49","2022-03-08 17:03:00","Wilson Blvd & N Quinn St",31027,"Wilson Blvd & N Quinn St",31027,38.893993,-77.07857,38.893993,-77.07857,casual,1451
4428374A82E9E07D,docked_bike,"2022-03-08 14:41:29","2022-03-08 16:01:15","Wilson Blvd & N Quinn St",31027,"Wilson Blvd & N Quinn St",31027,38.893993,-77.07857,38.893993,-77.07857,casual,4786
E0C5F264E5B5140D,classic_bike,"2022-03-08 16:31:09","2022-03-08 17:02:54","Wilson Blvd & N Quinn St",31027,"Wilson Blvd & N Quinn St",31027,38.893993,-77.07857,38.893993,-77.07857,casual,1905
971BB366F4CAB56F,docked_bike,"2022-03-08 14:41:43","2022-03-08 16:01:18","Wilson Blvd & N Quinn St",31027,"Wilson Blvd & N Quinn St",31027,38.893993,-77.07857,38.893993,-77.07857,casual,4775
E35BFC74D7313523,docked_bike,"2022-03-08 14:30:17","2022-03-08 16:03:38","Roosevelt Island",31062,"Roosevelt Island",31062,38.896553,-77.06714,38.896553,-77.06714,casual,5601
FA313F33743E096C,docked_bike,"2022-03-08 14:30:56","2022-03-08 16:03:57","Roosevelt Island",31062,"Roosevelt Island",31062,38.896553,-77.06714,38.896553,-77.06714,casual,5581
889D2412D840456E,classic_bike,"2022-03-07 09:14:00","2022-03-07 10:09:56","Roosevelt Island",31062,"Roosevelt Island",31062,38.896553,-77.06714,38.896553,-77.06714,casual,3356
E599B7F7B61DAD00,classic_bike,"2022-03-07 12:04:05","2022-03-07 13:03:31","Roosevelt Island",31062,"Roosevelt Island",31062,38.896553,-77.06714,38.896553,-77.06714,casual,3566
B870E097B42C1353,classic_bike,"2022-03-07 12:06:52","2022-03-07 13:03:25","Roosevelt Island",31062,"Roosevelt Island",31062,38.896553,-77.06714,38.896553,-77.06714,casual,3393
7AFE341989B4D914,classic_bike,"2022-03-07 12:26:01","2022-03-07 14:13:11","Roosevelt Island",31062,"Roosevelt Island",31062,38.896553,-77.06714,38.896553,-77.06714,casual,6430
5F1F6B39D3216873,classic_bike,"2022-03-07 10:13:46","2022-03-07 10:19:51","15th St & Pennsylvania Ave NW",31129,"Jefferson Dr & 14th St SW",31247,38.8964647474865,-77.0333808660507,38.8885525,-77.032427,casual,365
15AA92A15A591848,classic_bike,"2022-03-07 10:13:48","2022-03-07 10:19:56","15th St & Pennsylvania Ave NW",31129,"Jefferson Dr & 14th St SW",31247,38.8964647474865,-77.0333808660507,38.8885525,-77.032427,casual,368
151705D8A765D563,classic_bike,"2022-03-08 16:12:31","2022-03-08 17:04:21","15th St & Pennsylvania Ave NW",31129,"Jefferson Dr & 14th St SW",31247,38.8964647474865,-77.0333808660507,38.8885525,-77.032427,casual,3110
F3E6BF491F1DAB9B,docked_bike,"2022-03-07 10:22:25","2022-03-07 10:34:52","15th St & Pennsylvania Ave NW",31129,"Jefferson Dr & 14th St SW",31247,38.896465,-77.033381,38.888553,-77.032427,casual,747
5BD76931FA5E6960,classic_bike,"2022-03-07 13:01:28","2022-03-07 13:20:23","15th St & Pennsylvania Ave NW",31129,"Jefferson Dr & 14th St SW",31247,38.8964647474865,-77.0333808660507,38.8885525,-77.032427,casual,1135
F2C2D843F7A1221E,classic_bike,"2022-03-08 16:12:20","2022-03-08 17:04:17","15th St & Pennsylvania Ave NW",31129,"Jefferson Dr & 14th St SW",31247,38.8964647474865,-77.0333808660507,38.8885525,-77.032427,casual,3117
2213D2C08516DA52,classic_bike,"2022-03-07 15:13:31","2022-03-07 15:24:31","15th St & Pennsylvania Ave NW",31129,"17th St & Independence Ave SW",31290,38.8964647474865,-77.0333808660507,38.888097,-77.038325,casual,660
D45152C03F77F4EE,classic_bike,"2022-03-07 15:13:18","2022-03-07 15:23:54","15th St & Pennsylvania Ave NW",31129,"17th St & Independence Ave SW",31290,38.8964647474865,-77.0333808660507,38.888097,-77.038325,casual,636
EC06698E30D6C444,classic_bike,"2022-03-07 15:13:32","2022-03-07 15:23:59","15th St & Pennsylvania Ave NW",31129,"17th St & Independence Ave SW",31290,38.8964647474865,-77.0333808660507,38.888097,-77.038325,casual,627
7974F02A5FE03238,classic_bike,"2022-03-08 16:34:17","2022-03-08 16:59:29","15th St & Pennsylvania Ave NW",31129,"17th St & Independence Ave SW",31290,38.8964647474865,-77.0333808660507,38.888097,-77.038325,casual,1512
BC77308B23B87BFA,classic_bike,"2022-03-07 15:13:08","2022-03-07 15:23:52","15th St & Pennsylvania Ave NW",31129,"17th St & Independence Ave SW",31290,38.8964647474865,-77.0333808660507,38.888097,-77.038325,casual,644
8632782904A8F7A6,classic_bike,"2022-03-08 16:34:32","2022-03-08 16:59:29","15th St & Pennsylvania Ave NW",31129,"17th St & Independence Ave SW",31290,38.8964647474865,-77.0333808660507,38.888097,-77.038325,casual,1497
07E53D9B9D453DEC,electric_bike,"2022-03-08 14:34:01","2022-03-08 14:43:31","15th & P St NW",31201,"15th & P St NW",31201,38.9098495,-77.0345738333333,38.9098006265519,-77.0344269275665,member,570
BC9290F371BB762A,docked_bike,"2022-03-08 13:51:02","2022-03-08 15:49:12","15th & P St NW",31201,"15th & P St NW",31201,38.909801,-77.034427,38.909801,-77.034427,casual,7090
5F2FBCF89F0638C9,docked_bike,"2022-03-08 13:52:09","2022-03-08 15:49:00","15th & P St NW",31201,"15th & P St NW",31201,38.909801,-77.034427,38.909801,-77.034427,casual,7011
7CB5D1B854FCFCAD,classic_bike,"2022-03-07 13:28:49","2022-03-07 13:35:23","17th & K St NW",31213,"New Hampshire Ave & T St NW",31229,38.90276,-77.03863,38.915544,-77.038252,member,394
A714E198829124C4,classic_bike,"2022-03-08 17:10:18","2022-03-08 17:18:33","17th & K St NW",31213,"New Hampshire Ave & T St NW",31229,38.90276,-77.03863,38.915544,-77.038252,member,495
3F18BFC882611592,classic_bike,"2022-03-07 17:10:30","2022-03-07 17:18:40","17th & K St NW",31213,"New Hampshire Ave & T St NW",31229,38.90276,-77.03863,38.915544,-77.038252,member,490
285DC2525467EB1F,classic_bike,"2022-03-07 15:08:30","2022-03-07 15:15:09","17th & K St NW",31213,"New Hampshire Ave & T St NW",31229,38.90276,-77.03863,38.915544,-77.038252,casual,399
6E93590BB7FCB4BA,classic_bike,"2022-03-07 15:56:59","2022-03-07 16:05:34","17th & K St NW",31213,"New Hampshire Ave & T St NW",31229,38.90276,-77.03863,38.915544,-77.038252,member,515
5C8298B826FF29C7,classic_bike,"2022-03-07 11:11:32","2022-03-07 11:21:50","L'Enfant Plaza / 7th & C St SW",31218,"L'Enfant Plaza / 7th & C St SW",31218,38.886266,-77.022241,38.886266,-77.022241,casual,618
FB4C356AC644349C,classic_bike,"2022-03-08 14:34:49","2022-03-08 14:41:31","L'Enfant Plaza / 7th & C St SW",31218,"L'Enfant Plaza / 7th & C St SW",31218,38.886266,-77.022241,38.886266,-77.022241,casual,402
CC909A2371B2D7D6,classic_bike,"2022-03-08 14:34:35","2022-03-08 14:41:30","L'Enfant Plaza / 7th & C St SW",31218,"L'Enfant Plaza / 7th & C St SW",31218,38.886266,-77.022241,38.886266,-77.022241,casual,415
EF000518A324F20C,classic_bike,"2022-03-07 11:12:46","2022-03-07 11:21:53","L'Enfant Plaza / 7th & C St SW",31218,"L'Enfant Plaza / 7th & C St SW",31218,38.886266,-77.022241,38.886266,-77.022241,casual,547
FF6C8651E98A41A9,classic_bike,"2022-03-07 14:37:07","2022-03-07 14:44:56","New Hampshire Ave & T St NW",31229,"17th & K St NW",31213,38.915544,-77.038252,38.90276,-77.03863,member,469
18155AEB0A52ADDA,classic_bike,"2022-03-08 10:20:34","2022-03-08 10:28:44","New Hampshire Ave & T St NW",31229,"17th & K St NW",31213,38.915544,-77.038252,38.90276,-77.03863,member,490
AD68DE00E9638F96,classic_bike,"2022-03-08 11:24:13","2022-03-08 11:30:12","New Hampshire Ave & T St NW",31229,"17th & K St NW",31213,38.915544,-77.038252,38.90276,-77.03863,member,359
F0ADF2CFEB9795C2,classic_bike,"2022-03-07 13:54:40","2022-03-07 14:00:38","New Hampshire Ave & T St NW",31229,"17th & K St NW",31213,38.915544,-77.038252,38.90276,-77.03863,member,358
CCFC30417AEEFFF5,classic_bike,"2022-03-08 17:44:40","2022-03-08 17:47:57","New Hampshire Ave & T St NW",31229,"17th & P St NW",31330,38.915544,-77.038252,38.909858,-77.038566,member,197
20BAB6E256A64569,classic_bike,"2022-03-07 09:01:39","2022-03-07 09:06:31","New Hampshire Ave & T St NW",31229,"17th & P St NW",31330,38.915544,-77.038252,38.909858,-77.038566,member,292
6E00DAB04AD9B98D,classic_bike,"2022-03-07 09:24:02","2022-03-07 09:28:29","New Hampshire Ave & T St NW",31229,"17th & P St NW",31330,38.915544,-77.038252,38.909858,-77.038566,casual,267
FE28AEAEA09A45EF,classic_bike,"2022-03-07 16:23:15","2022-03-07 17:06:12","37th & O St NW / Georgetown University",31236,"37th & O St NW / Georgetown University",31236,38.90774,-77.071652,38.90774,-77.071652,casual,2577
3E415862C2041EB4,classic_bike,"2022-03-07 12:32:21","2022-03-07 12:44:05","37th & O St NW / Georgetown University",31236,"37th & O St NW / Georgetown University",31236,38.90774,-77.071652,38.90774,-77.071652,member,704
4B87499595FA5D08,classic_bike,"2022-03-07 15:09:30","2022-03-07 15:41:35","25th St & Pennsylvania Ave NW",31237,"25th St & Pennsylvania Ave NW",31237,38.903827,-77.053485,38.903827,-77.053485,member,1925
57C77780320CE6F7,classic_bike,"2022-03-07 09:28:22","2022-03-07 10:05:22","25th St & Pennsylvania Ave NW",31237,"25th St & Pennsylvania Ave NW",31237,38.903827,-77.053485,38.903827,-77.053485,member,2220
648020498092A3E8,docked_bike,"2022-03-07 10:45:54","2022-03-07 11:38:48","4th & E St SW",31244,"Jefferson Memorial",31249,38.88412,-77.017445,38.879819,-77.037413,casual,3174
D070B06A05F3A7A3,classic_bike,"2022-03-07 10:47:37","2022-03-07 12:16:17","4th & E St SW",31244,"Jefferson Memorial",31249,38.88412,-77.017445,38.879819,-77.037413,casual,5320
4F3860312028564D,classic_bike,"2022-03-07 10:46:50","2022-03-07 11:34:38","4th & E St SW",31244,"Jefferson Memorial",31249,38.88412,-77.017445,38.879819,-77.037413,casual,2868
6280A599AAF4FF25,classic_bike,"2022-03-07 10:46:05","2022-03-07 11:34:21","4th & E St SW",31244,"Jefferson Memorial",31249,38.88412,-77.017445,38.879819,-77.037413,casual,2896
0197BDE4FAC219DF,classic_bike,"2022-03-07 10:59:13","2022-03-07 11:05:09","Jefferson Dr & 14th St SW",31247,"15th St & Pennsylvania Ave NW",31129,38.8885525,-77.032427,38.8964647474865,-77.0333808660507,casual,356
8EC260AA29B47928,classic_bike,"2022-03-07 10:59:16","2022-03-07 11:05:08","Jefferson Dr & 14th St SW",31247,"15th St & Pennsylvania Ave NW",31129,38.8885525,-77.032427,38.8964647474865,-77.0333808660507,casual,352
008355F3284B6D39,docked_bike,"2022-03-07 13:39:44","2022-03-07 14:09:17","Jefferson Dr & 14th St SW",31247,"15th St & Pennsylvania Ave NW",31129,38.888553,-77.032427,38.896465,-77.033381,casual,1773
C80915462839F8AF,docked_bike,"2022-03-07 13:41:46","2022-03-07 14:09:15","Jefferson Dr & 14th St SW",31247,"15th St & Pennsylvania Ave NW",31129,38.888553,-77.032427,38.896465,-77.033381,casual,1649
D9C60C383AF22A5C,classic_bike,"2022-03-08 17:55:37","2022-03-08 18:20:46","Jefferson Memorial",31249,"4th & E St SW",31244,38.879819,-77.037413,38.88412,-77.017445,member,1509
537D6E45541AEDEB,classic_bike,"2022-03-08 17:55:35","2022-03-08 18:21:07","Jefferson Memorial",31249,"4th & E St SW",31244,38.879819,-77.037413,38.88412,-77.017445,member,1532
0467A513DB2982EF,classic_bike,"2022-03-08 17:55:26","2022-03-08 18:20:51","Jefferson Memorial",31249,"4th & E St SW",31244,38.879819,-77.037413,38.88412,-77.017445,member,1525
FEF8ECEBC4A94253,classic_bike,"2022-03-08 17:55:27","2022-03-08 18:20:38","Jefferson Memorial",31249,"4th & E St SW",31244,38.879819,-77.037413,38.88412,-77.017445,member,1511
C5C2C31340E7F165,classic_bike,"2022-03-08 11:01:50","2022-03-08 11:20:51","10th & E St NW",31256,"10th & E St NW",31256,38.895914,-77.026064,38.895914,-77.026064,casual,1141
C34D0DDE14E6E9A2,classic_bike,"2022-03-08 14:45:41","2022-03-08 14:56:07","10th & E St NW",31256,"10th & E St NW",31256,38.895914,-77.026064,38.895914,-77.026064,member,626
7C592A8C94AC7730,classic_bike,"2022-03-08 11:01:34","2022-03-08 11:20:57","10th & E St NW",31256,"10th & E St NW",31256,38.895914,-77.026064,38.895914,-77.026064,casual,1163
2F950F9942E44DCB,classic_bike,"2022-03-08 14:47:17","2022-03-08 15:57:46","Lincoln Memorial",31258,"17th & G St NW",31277,38.888255,-77.0494365,38.8982829495236,-77.039732336998,casual,4229
D764CE0F480F5601,classic_bike,"2022-03-07 14:27:09","2022-03-07 14:48:18","Lincoln Memorial",31258,"17th & G St NW",31277,38.888255,-77.0494365,38.8982829495236,-77.039732336998,casual,1269
333EB1A8B17E60C5,classic_bike,"2022-03-08 15:53:15","2022-03-08 16:11:41","Lincoln Memorial",31258,"17th & G St NW",31277,38.888255,-77.0494365,38.8982829495236,-77.039732336998,casual,1106
F60AAB2156D6D9D0,classic_bike,"2022-03-07 14:27:51","2022-03-07 14:48:35","Lincoln Memorial",31258,"17th & G St NW",31277,38.888255,-77.0494365,38.8982829495236,-77.039732336998,casual,1244
BC76A07198046A63,classic_bike,"2022-03-08 15:51:40","2022-03-08 16:11:32","Lincoln Memorial",31258,"17th & G St NW",31277,38.888255,-77.0494365,38.8982829495236,-77.039732336998,casual,1192
5A40AB0469D18341,classic_bike,"2022-03-08 14:52:16","2022-03-08 15:57:42","Lincoln Memorial",31258,"17th & G St NW",31277,38.888255,-77.0494365,38.8982829495236,-77.039732336998,casual,3926
7BBF59C5335813D0,docked_bike,"2022-03-08 13:24:35","2022-03-08 13:35:57","21st St & Constitution Ave NW",31261,"21st St & Constitution Ave NW",31261,38.892459,-77.046567,38.892459,-77.046567,casual,682
8598E0604A4AF66D,docked_bike,"2022-03-07 10:09:07","2022-03-07 14:30:27","21st St & Constitution Ave NW",31261,"21st St & Constitution Ave NW",31261,38.892459,-77.046567,38.892459,-77.046567,casual,15680
F788B17F82130731,classic_bike,"2022-03-08 11:30:33","2022-03-08 12:12:13","21st St & Constitution Ave NW",31261,"21st St & Constitution Ave NW",31261,38.892459,-77.046567,38.892459,-77.046567,casual,2500
F1BC1A75E1A54071,docked_bike,"2022-03-07 12:13:52","2022-03-07 13:51:30","6th St & Indiana Ave NW",31264,"6th St & Indiana Ave NW",31264,38.894573,-77.01994,38.894573,-77.01994,casual,5858
6FEADAD77569A1D3,classic_bike,"2022-03-07 15:31:42","2022-03-07 16:10:50","6th St & Indiana Ave NW",31264,"6th St & Indiana Ave NW",31264,38.894573,-77.01994,38.894573,-77.01994,casual,2348
56A10562A7C56E00,classic_bike,"2022-03-07 15:31:13","2022-03-07 16:11:03","6th St & Indiana Ave NW",31264,"6th St & Indiana Ave NW",31264,38.894573,-77.01994,38.894573,-77.01994,casual,2390
F8369F7093ED2458,classic_bike,"2022-03-07 15:32:26","2022-03-07 16:11:06","6th St & Indiana Ave NW",31264,"6th St & Indiana Ave NW",31264,38.894573,-77.01994,38.894573,-77.01994,casual,2320
B3A74D27D1DC2000,docked_bike,"2022-03-07 12:14:44","2022-03-07 13:51:10","6th St & Indiana Ave NW",31264,"6th St & Indiana Ave NW",31264,38.894573,-77.01994,38.894573,-77.01994,casual,5786
D31073639F9CCAAD,classic_bike,"2022-03-07 15:33:51","2022-03-07 16:11:05","6th St & Indiana Ave NW",31264,"6th St & Indiana Ave NW",31264,38.894573,-77.01994,38.894573,-77.01994,casual,2234
B7BCF432AF754EF3,docked_bike,"2022-03-08 17:22:03","2022-03-08 17:45:10","17th & G St NW",31277,"Lincoln Memorial",31258,38.898283,-77.039732,38.888255,-77.049437,casual,1387
0DAF8DA5B5BB750D,classic_bike,"2022-03-08 13:56:44","2022-03-08 14:15:59","17th & G St NW",31277,"Lincoln Memorial",31258,38.8982829495236,-77.039732336998,38.888255,-77.0494365,casual,1155
45B14EE8B373A8D6,classic_bike,"2022-03-08 13:58:45","2022-03-08 14:15:52","17th & G St NW",31277,"Lincoln Memorial",31258,38.8982829495236,-77.039732336998,38.888255,-77.0494365,casual,1027
D26ED86D5B984EB3,classic_bike,"2022-03-08 13:58:24","2022-03-08 14:15:41","17th & G St NW",31277,"Lincoln Memorial",31258,38.8982829495236,-77.039732336998,38.888255,-77.0494365,casual,1037
4565F42724B2F9C3,classic_bike,"2022-03-08 13:57:13","2022-03-08 14:16:00","17th & G St NW",31277,"Lincoln Memorial",31258,38.8982829495236,-77.039732336998,38.888255,-77.0494365,casual,1127
ADFFCAC0E3E5CC00,docked_bike,"2022-03-08 17:21:38","2022-03-08 17:44:42","17th & G St NW",31277,"Lincoln Memorial",31258,38.898283,-77.039732,38.888255,-77.049437,casual,1384
2B1E5D4623CDA9FE,docked_bike,"2022-03-08 11:07:28","2022-03-08 12:10:58","17th St & Independence Ave SW",31290,"15th St & Pennsylvania Ave NW",31129,38.888097,-77.038325,38.896465,-77.033381,casual,3810
B369BCB93C3B95CE,docked_bike,"2022-03-08 11:08:23","2022-03-08 12:11:03","17th St & Independence Ave SW",31290,"15th St & Pennsylvania Ave NW",31129,38.888097,-77.038325,38.896465,-77.033381,casual,3760
7A53A9C92BAC2E6D,docked_bike,"2022-03-08 11:07:39","2022-03-08 12:10:54","17th St & Independence Ave SW",31290,"15th St & Pennsylvania Ave NW",31129,38.888097,-77.038325,38.896465,-77.033381,casual,3795
D2CF95F5F58EF55F,docked_bike,"2022-03-08 11:06:43","2022-03-08 12:10:46","17th St & Independence Ave SW",31290,"15th St & Pennsylvania Ave NW",31129,38.888097,-77.038325,38.896465,-77.033381,casual,3843
136237525E65255A,classic_bike,"2022-03-07 15:16:22","2022-03-07 15:59:05","17th St & Independence Ave SW",31290,"17th St & Independence Ave SW",31290,38.888097,-77.038325,38.888097,-77.038325,casual,2563
6D1621DBD14C36A5,docked_bike,"2022-03-08 16:27:05","2022-03-08 17:16:21","17th St & Independence Ave SW",31290,"17th St & Independence Ave SW",31290,38.888097,-77.038325,38.888097,-77.038325,casual,2956
B3237C00272B7192,docked_bike,"2022-03-08 16:32:56","2022-03-08 17:15:13","17th St & Independence Ave SW",31290,"17th St & Independence Ave SW",31290,38.888097,-77.038325,38.888097,-77.038325,casual,2537
195357A54B6CBAE6,docked_bike,"2022-03-08 16:37:37","2022-03-08 17:14:41","17th St & Independence Ave SW",31290,"17th St & Independence Ave SW",31290,38.888097,-77.038325,38.888097,-77.038325,casual,2224
4A450C7FF7045548,classic_bike,"2022-03-07 12:49:03","2022-03-07 15:37:51","15th & M St NW",31298,"15th & M St NW",31298,38.905424,-77.034674,38.905424,-77.034674,casual,10128
50B2ED97684CA8AB,classic_bike,"2022-03-07 12:47:21","2022-03-07 15:37:38","15th & M St NW",31298,"15th & M St NW",31298,38.905424,-77.034674,38.905424,-77.034674,casual,10217
22A03BDBAFA65FEF,classic_bike,"2022-03-08 16:43:36","2022-03-08 17:25:29","34th & Water St NW",31314,"34th & Water St NW",31314,38.9037315,-77.0675285,38.9037315,-77.0675285,casual,2513
21F8E5620C090A16,classic_bike,"2022-03-07 11:47:42","2022-03-07 12:05:03","34th & Water St NW",31314,"34th & Water St NW",31314,38.9037315,-77.0675285,38.9037315,-77.0675285,casual,1041
927DD3222962CFC1,classic_bike,"2022-03-07 13:36:51","2022-03-07 13:58:00","34th & Water St NW",31314,"34th & Water St NW",31314,38.9037315,-77.0675285,38.9037315,-77.0675285,member,1269
9EEEAFEE4ED7D0D9,classic_bike,"2022-03-08 16:42:06","2022-03-08 17:25:44","34th & Water St NW",31314,"34th & Water St NW",31314,38.9037315,-77.0675285,38.9037315,-77.0675285,casual,2618
552569FF643AF96B,classic_bike,"2022-03-07 14:18:07","2022-03-07 15:06:50","34th & Water St NW",31314,"34th & Water St NW",31314,38.9037315,-77.0675285,38.9037315,-77.0675285,casual,2923
489FAA7170882D5A,electric_bike,"2022-03-08 16:21:23","2022-03-08 16:32:06","17th & P St NW",31330,"New Hampshire Ave & T St NW",31229,38.9098168333333,-77.0385001666667,38.915544,-77.038252,casual,643
BAD2901B9E0F8344,classic_bike,"2022-03-07 12:18:48","2022-03-07 12:22:54","17th & P St NW",31330,"New Hampshire Ave & T St NW",31229,38.909858,-77.038566,38.915544,-77.038252,member,246
A98939F5F7A4CC29,classic_bike,"2022-03-08 12:43:10","2022-03-08 12:46:32","17th & P St NW",31330,"New Hampshire Ave & T St NW",31229,38.909858,-77.038566,38.915544,-77.038252,member,202
4CE28DBE9459997E,classic_bike,"2022-03-08 14:13:45","2022-03-08 14:17:30","17th & P St NW",31330,"New Hampshire Ave & T St NW",31229,38.909858,-77.038566,38.915544,-77.038252,member,225
B79F7C9C5B5B92F2,classic_bike,"2022-03-07 11:49:43","2022-03-07 11:54:56","17th & P St NW",31330,"New Hampshire Ave & T St NW",31229,38.909858,-77.038566,38.915544,-77.038252,member,313
E99E9C00685F5059,classic_bike,"2022-03-08 13:09:00","2022-03-08 13:12:40","1st & M St NE",31603,"1st & M St NE",31603,38.905697,-77.005483,38.905697,-77.005483,member,220
6E3FF9FF4736A5FA,docked_bike,"2022-03-07 10:19:34","2022-03-07 11:51:56","1st & M St NE",31603,"1st & M St NE",31603,38.905697,-77.005483,38.905697,-77.005483,casual,5542
48463674EEC69CB1,classic_bike,"2022-03-07 14:16:15","2022-03-07 14:27:50","1st & M St NE",31603,"1st & M St NE",31603,38.905697,-77.005483,38.905697,-77.005483,member,695
5893016A72DA4ACD,classic_bike,"2022-03-07 12:26:55","2022-03-07 13:51:49","8th & Eye St SE / Barracks Row",31608,"8th & Eye St SE / Barracks Row",31608,38.8792,-76.9953,38.8792,-76.9953,casual,5094
27CF88AC250A3C03,classic_bike,"2022-03-07 12:26:49","2022-03-07 13:51:20","8th & Eye St SE / Barracks Row",31608,"8th & Eye St SE / Barracks Row",31608,38.8792,-76.9953,38.8792,-76.9953,casual,5071
EFF767163095D141,classic_bike,"2022-03-08 14:23:19","2022-03-08 14:29:19","Eastern Market Metro / Pennsylvania Ave & 8th St SE",31613,"Lincoln Park / 13th & East Capitol St NE ",31619,38.8840951457803,-76.9952344894409,38.890461,-76.988355,member,360
9C37107D4D218161,classic_bike,"2022-03-07 14:24:55","2022-03-07 14:29:53","Eastern Market Metro / Pennsylvania Ave & 8th St SE",31613,"Lincoln Park / 13th & East Capitol St NE ",31619,38.8840951457803,-76.9952344894409,38.890461,-76.988355,member,298
BA48AF3F8D9C46AA,classic_bike,"2022-03-08 16:18:40","2022-03-08 16:26:02","Eastern Market Metro / Pennsylvania Ave & 8th St SE",31613,"Lincoln Park / 13th & East Capitol St NE ",31619,38.8840951457803,-76.9952344894409,38.890461,-76.988355,member,442
CC46546152C34DA8,classic_bike,"2022-03-07 16:03:53","2022-03-07 16:12:14","Eastern Market Metro / Pennsylvania Ave & 8th St SE",31613,"Lincoln Park / 13th & East Capitol St NE ",31619,38.8840951457803,-76.9952344894409,38.890461,-76.988355,member,501
028FCF08563F6C14,classic_bike,"2022-03-08 09:03:45","2022-03-08 09:07:48","6th & H St NE",31615,"Columbus Circle / Union Station",31623,38.899972,-76.998347,38.89696,-77.00493,member,243
7E53B89835CBCAB4,classic_bike,"2022-03-08 15:31:46","2022-03-08 15:45:16","6th & H St NE",31615,"Columbus Circle / Union Station",31623,38.899972,-76.998347,38.89696,-77.00493,member,810
52141A9498DB097E,classic_bike,"2022-03-08 11:59:05","2022-03-08 12:03:23","3rd & H St NE",31616,"New Jersey Ave & F St NW",31655,38.900412,-77.001949,38.897108,-77.011616,member,258
2A1DB36C411FA985,classic_bike,"2022-03-07 09:23:47","2022-03-07 09:31:46","3rd & H St NE",31616,"New Jersey Ave & F St NW",31655,38.900412,-77.001949,38.897108,-77.011616,member,479
43A83A08E97E928A,electric_bike,"2022-03-08 15:22:51","2022-03-08 15:29:38","3rd & H St NE",31616,"New Jersey Ave & F St NW",31655,38.9003325,-77.0022333333333,38.897108,-77.011616,member,407
1024E84A0DEC0411,classic_bike,"2022-03-07 17:46:34","2022-03-07 17:52:18","3rd & H St NE",31616,"New Jersey Ave & F St NW",31655,38.900412,-77.001949,38.897108,-77.011616,member,344
60EE823D658B3D06,classic_bike,"2022-03-08 13:04:30","2022-03-08 13:09:48","3rd & H St NE",31616,"New Jersey Ave & F St NW",31655,38.900412,-77.001949,38.897108,-77.011616,member,318
0E640925EED83C41,classic_bike,"2022-03-08 17:17:18","2022-03-08 17:21:49","Lincoln Park / 13th & East Capitol St NE ",31619,"Eastern Market Metro / Pennsylvania Ave & 8th St SE",31613,38.890461,-76.988355,38.8840951457803,-76.9952344894409,member,271
3A0F6DDF2EABF876,classic_bike,"2022-03-07 17:27:13","2022-03-07 17:31:50","Lincoln Park / 13th & East Capitol St NE ",31619,"Eastern Market Metro / Pennsylvania Ave & 8th St SE",31613,38.890461,-76.988355,38.8840951457803,-76.9952344894409,member,277
014C1006FC868420,classic_bike,"2022-03-07 10:42:45","2022-03-07 10:49:36","Lincoln Park / 13th & East Capitol St NE ",31619,"Eastern Market Metro / Pennsylvania Ave & 8th St SE",31613,38.890461,-76.988355,38.8840951457803,-76.9952344894409,member,411
8B49F92829A5DC53,classic_bike,"2022-03-08 12:35:17","2022-03-08 12:39:45","Lincoln Park / 13th & East Capitol St NE ",31619,"Eastern Market Metro / Pennsylvania Ave & 8th St SE",31613,38.890461,-76.988355,38.8840951457803,-76.9952344894409,member,268
19AC161AFAB2F7FD,classic_bike,"2022-03-08 09:41:11","2022-03-08 09:45:45","Lincoln Park / 13th & East Capitol St NE ",31619,"Eastern Market Metro / Pennsylvania Ave & 8th St SE",31613,38.890461,-76.988355,38.8840951457803,-76.9952344894409,member,274
DA6F7543C735DB74,classic_bike,"2022-03-08 17:15:40","2022-03-08 17:19:14","Columbus Circle / Union Station",31623,"6th & H St NE",31615,38.89696,-77.00493,38.899972,-76.998347,member,214
D04058E93219D680,classic_bike,"2022-03-08 14:48:33","2022-03-08 14:54:26","Columbus Circle / Union Station",31623,"6th & H St NE",31615,38.89696,-77.00493,38.899972,-76.998347,casual,353
D687B6457ADB7D87,electric_bike,"2022-03-08 09:02:34","2022-03-08 09:05:53","Columbus Circle / Union Station",31623,"6th & H St NE",31615,38.8970701666667,-77.0048665,38.899972,-76.998347,casual,199
4C3B7779CE7DC42A,classic_bike,"2022-03-08 14:11:40","2022-03-08 14:16:04","Columbus Circle / Union Station",31623,"6th & H St NE",31615,38.89696,-77.00493,38.899972,-76.998347,member,264
291A490037A6974E,electric_bike,"2022-03-08 14:35:22","2022-03-08 14:41:52","Columbus Circle / Union Station",31623,"Columbus Circle / Union Station",31623,38.8970428333333,-77.004785,38.89696,-77.00493,casual,390
AC4E78E2D4C00840,classic_bike,"2022-03-08 14:26:45","2022-03-08 14:31:42","Columbus Circle / Union Station",31623,"Columbus Circle / Union Station",31623,38.89696,-77.00493,38.89696,-77.00493,casual,297
AB728A40C6369D41,classic_bike,"2022-03-08 14:26:11","2022-03-08 14:39:05","Columbus Circle / Union Station",31623,"Columbus Circle / Union Station",31623,38.89696,-77.00493,38.89696,-77.00493,casual,774
F9E2F7316BE78206,classic_bike,"2022-03-07 12:49:25","2022-03-07 12:59:13","Columbus Circle / Union Station",31623,"Columbus Circle / Union Station",31623,38.89696,-77.00493,38.89696,-77.00493,casual,588
D1A73EB9D905A1AA,classic_bike,"2022-03-07 12:24:17","2022-03-07 12:43:42","3rd & Tingey St SE",31634,"3rd & Tingey St SE",31634,38.87501,-77.0024,38.87501,-77.0024,member,1165
9C70A95C8744E9D6,classic_bike,"2022-03-07 13:56:31","2022-03-07 15:05:50","3rd & Tingey St SE",31634,"3rd & Tingey St SE",31634,38.87501,-77.0024,38.87501,-77.0024,casual,4159
EAF7F8DE6A1FCC07,classic_bike,"2022-03-07 10:54:19","2022-03-07 10:58:55","2nd St & Massachusetts Ave NE",31641,"New Jersey Ave & F St NW",31655,38.894972,-77.003135,38.897108,-77.011616,member,276
1462320A5749D97F,classic_bike,"2022-03-08 11:51:54","2022-03-08 11:55:34","2nd St & Massachusetts Ave NE",31641,"New Jersey Ave & F St NW",31655,38.894972,-77.003135,38.897108,-77.011616,member,220
5114C607466879AE,classic_bike,"2022-03-07 17:28:30","2022-03-07 17:32:39","2nd St & Massachusetts Ave NE",31641,"New Jersey Ave & F St NW",31655,38.894972,-77.003135,38.897108,-77.011616,member,249
17703E63ED1BEB34,classic_bike,"2022-03-08 13:13:45","2022-03-08 13:18:14","2nd St & Massachusetts Ave NE",31641,"New Jersey Ave & F St NW",31655,38.894972,-77.003135,38.897108,-77.011616,member,269
DB62F76B3A75EC76,electric_bike,"2022-03-08 13:20:24","2022-03-08 13:28:05","New Jersey Ave & F St NW",31655,"3rd & H St NE",31616,38.8971391666667,-77.011648,38.900412,-77.001949,member,461
2A6C4731920D43C6,classic_bike,"2022-03-07 13:28:10","2022-03-07 13:36:20","New Jersey Ave & F St NW",31655,"3rd & H St NE",31616,38.897108,-77.011616,38.900412,-77.001949,member,490
093CDD4CE8A4CDEF,electric_bike,"2022-03-08 16:24:31","2022-03-08 16:29:04","New Jersey Ave & F St NW",31655,"3rd & H St NE",31616,38.897203,-77.0116466666667,38.900412,-77.001949,member,273
20741C531DE70F7F,classic_bike,"2022-03-07 15:17:04","2022-03-07 15:28:06","New Jersey Ave & F St NW",31655,"3rd & H St NE",31616,38.897108,-77.011616,38.900412,-77.001949,member,662
7C3F2793DE5B2A99,classic_bike,"2022-03-08 14:02:32","2022-03-08 14:07:03","New Jersey Ave & F St NW",31655,"3rd & H St NE",31616,38.897108,-77.011616,38.900412,-77.001949,member,271
10AB1D018161F974,electric_bike,"2022-03-08 15:56:49","2022-03-08 16:00:41","New Jersey Ave & F St NW",31655,"2nd St & Massachusetts Ave NE",31641,38.8970365,-77.0118048333333,38.894972,-77.003135,member,232
623EC9EF569F0271,classic_bike,"2022-03-07 17:06:33","2022-03-07 17:13:14","New Jersey Ave & F St NW",31655,"2nd St & Massachusetts Ave NE",31641,38.897108,-77.011616,38.894972,-77.003135,member,401
FA47C2A2D29AE320,classic_bike,"2022-03-08 16:13:54","2022-03-08 16:20:48","New Jersey Ave & F St NW",31655,"2nd St & Massachusetts Ave NE",31641,38.897108,-77.011616,38.894972,-77.003135,member,414
8267BAC7FBE457CF,classic_bike,"2022-03-07 11:41:13","2022-03-07 11:44:48","New Jersey Ave & F St NW",31655,"2nd St & Massachusetts Ave NE",31641,38.897108,-77.011616,38.894972,-77.003135,member,215
6F41B0E0D20C1B32,classic_bike,"2022-03-08 17:07:20","2022-03-08 17:13:50","New Jersey Ave & F St NW",31655,"2nd St & Massachusetts Ave NE",31641,38.897108,-77.011616,38.894972,-77.003135,member,390
FD4C0AD9D794C4BF,classic_bike,"2022-03-08 11:16:00","2022-03-08 11:21:16","New Jersey Ave & F St NW",31655,"1st & K St NE",31662,38.897108,-77.011616,38.902386,-77.005649,member,316
6D512AB954AE2CF6,classic_bike,"2022-03-07 17:59:17","2022-03-07 18:03:33","New Jersey Ave & F St NW",31655,"1st & K St NE",31662,38.897108,-77.011616,38.902386,-77.005649,member,256
F95C5FDDED514DF2,electric_bike,"2022-03-08 15:08:05","2022-03-08 15:15:38","New Jersey Ave & F St NW",31655,"1st & K St NE",31662,38.8971156666667,-77.0117511666667,38.902386,-77.005649,member,453
3558B72E13905F7C,classic_bike,"2022-03-08 17:35:44","2022-03-08 17:40:24","New Jersey Ave & F St NW",31655,"1st & K St NE",31662,38.897108,-77.011616,38.902386,-77.005649,member,280
3C40023584471506,classic_bike,"2022-03-08 17:40:52","2022-03-08 17:44:09","1st & K St NE",31662,"New Jersey Ave & F St NW",31655,38.902386,-77.005649,38.897108,-77.011616,member,197
F10B1B779AF058EE,classic_bike,"2022-03-08 13:04:31","2022-03-08 13:10:17","1st & K St NE",31662,"New Jersey Ave & F St NW",31655,38.902386,-77.005649,38.897108,-77.011616,member,346
8D0F4FC92D777761,classic_bike,"2022-03-08 13:26:34","2022-03-08 13:32:14","1st & K St NE",31662,"New Jersey Ave & F St NW",31655,38.902386,-77.005649,38.897108,-77.011616,member,340
4EBF044A6D03BA23,classic_bike,"2022-03-07 13:13:20","2022-03-07 13:20:55","1st & K St NE",31662,"New Jersey Ave & F St NW",31655,38.902386,-77.005649,38.897108,-77.011616,member,455
A331A2004A5E17CC,classic_bike,"2022-03-07 09:34:41","2022-03-07 09:40:46","1st & K St NE",31662,"New Jersey Ave & F St NW",31655,38.902386,-77.005649,38.897108,-77.011616,member,365
C0C98D57E1CE355F,electric_bike,"2022-03-08 09:05:24","2022-03-08 09:09:25","1st & K St NE",31662,"New Jersey Ave & F St NW",31655,38.9027183333333,-77.0056495,38.897108,-77.011616,member,241
43668D5E6C89127B,classic_bike,"2022-03-08 12:11:26","2022-03-08 12:15:39","1st & K St NE",31662,"New Jersey Ave & F St NW",31655,38.902386,-77.005649,38.897108,-77.011616,member,253
EE0E6894546AEB2D,docked_bike,"2022-03-08 12:14:26","2022-03-08 15:03:02","Mt Vernon Trail & S. Washington St.",31929,"Mt Vernon Trail & S. Washington St.",31929,38.793065,-77.049436,38.793065,-77.049436,casual,10116
76A938338DD7B37F,classic_bike,"2022-03-07 10:52:29","2022-03-07 11:50:45","Mt Vernon Trail & S. Washington St.",31929,"Mt Vernon Trail & S. Washington St.",31929,38.7930647,-77.049436,38.7930647,-77.049436,casual,3496
538C3D8F19A0F9A1,docked_bike,"2022-03-08 12:14:46","2022-03-08 15:03:33","Mt Vernon Trail & S. Washington St.",31929,"Mt Vernon Trail & S. Washington St.",31929,38.793065,-77.049436,38.793065,-77.049436,casual,10127
5EF936406BD6D472,classic_bike,"2022-03-07 10:47:02","2022-03-07 11:52:35","Mt Vernon Trail & S. Washington St.",31929,"Mt Vernon Trail & S. Washington St.",31929,38.7930647,-77.049436,38.7930647,-77.049436,casual,3933
E2691932FAAF08FC,docked_bike,"2022-03-07 11:01:33","2022-03-07 11:56:37","Mt Vernon Trail & S. Washington St.",31929,"Mt Vernon Trail & S. Washington St.",31929,38.793065,-77.049436,38.793065,-77.049436,casual,3304
